URL,Último rastreo
https://wowgameres.com/shadowlands-inscripcion/,2026-03-13
https://wowgameres.com/feed/?attachment_id=497,2026-02-28
https://wowgameres.com/categoria/battle-for-azeroth/feed/,2026-02-25
"https://wowgameres.com/joyeria/,",2026-01-23
"https://wowgameres.com/cataclismo-encantamiento/,",2025-12-26
https://wowgameres.com/wowgameres-rasganorte-alquimia/,2025-12-23
https://wowgameres.com/wowgameres-pandaria-joyeria/,2025-12-23
https://wowgameres.com/wowgameres-rasganorte-sastreria/,2025-12-22
https://wowgameres.com/author/isergioam/page/4/,2025-12-20
https://wowgameres.com/categoria/sastreria/feed/,2025-11-25
https://wowgameres.com/categoria/cataclismo/feed/,2025-11-08
https://wowgameres.com/author/isergioam/page/2/,2025-10-29
https://wowgameres.com/author/isergioam/page/3/,2025-10-28
https://wowgameres.com/categoria/legion/feed/,2025-10-25
https://wowgameres.com/aviso-legal/feed/,2025-10-21